{
    "Algeria": 0.2423239924,
    "Angola": 0.0891498011,
    "Benin": 0.0234388514,
    "Botswana": 0.0233091161,
    "Burkina Faso": 0.0842631033,
    "Burundi": 0.0170601972,
    "Cameroon": 0.0731491092,
    "Central African Republic": 0.0359150666,
    "Chad": 0.0486939976,
    "Comoros": 0.0051245459,
    "Cote d'Ivoire": 0.1840728248,
    "Democratic Republic of Congo": 0.1212160526,
    "Djibouti": 0.0076327625,
    "Egypt": 0.4386135617,
    "Equatorial Guinea": 0.0083030618,
    "Eritrea": 0.0470723058,
    "Ethiopia": 0.1936732399,
    "Gabon": 0.0213847085,
    "Gambia": 0.0419261373,
    "Ghana": 0.0823603183,
    "Guinea": 0.04389379,
    "Guinea-Bissau": 0.0076327625,
    "Kenya": 0.1587311884,
    "Lesotho": 0.0094058121,
    "Liberia": 0.120416018,
    "Libya": 0.2268854869,
    "Madagascar": 0.0255362394,
    "Malawi": 0.0784033904,
    "Mali": 0.1288271925,
    "Mauritania": 0.0208873897,
    "Mauritius": 0.0187035115,
    "Morocco": 0.1336274001,
    "Mozambique": 0.060478291,
    "Namibia": 0.048477772,
    "Niger": 0.0486939976,
    "Nigeria": 1,
    "Rwanda": 0.0777114686,
    "Sao Tome and Principe": 0.0040866632,
    "Senegal": 0.099052932,
    "Seychelles": 0.007459782,
    "Sierra Leone": 0.0175358934,
    "Somalia": 0.2279449922,
    "South Africa": 0.3648373984,
    "South Sudan": 0.050964366,
    "Sudan": 0.3369226777,
    "Tanzania": 0.1010638298,
    "Togo": 0.0258173326,
    "Tunisia": 0.1336274001,
    "Uganda": 0.0806521363,
    "Zambia": 0.0272444214,
    "Zimbabwe": 0.1631205674
}